{"stats":{"minecraft:used":{"minecraft:acacia_log":1},"minecraft:custom":{"minecraft:jump":55,"minecraft:time_since_rest":187,"minecraft:leave_game":1,"minecraft:deaths":1,"minecraft:sprint_one_cm":7582,"minecraft:play_time":3397,"minecraft:damage_taken":260,"minecraft:time_since_death":167,"minecraft:walk_one_cm":7676,"minecraft:sneak_time":116,"minecraft:total_world_time":3397,"minecraft:fall_one_cm":5414,"minecraft:fly_one_cm":42858},"minecraft:mined":{"minecraft:acacia_log":1,"minecraft:acacia_leaves":2},"minecraft:picked_up":{"minecraft:acacia_log":1}},"DataVersion":3839}