{
  "minecraft:recipes/misc/charcoal": {
    "criteria": {
      "has_log": "2024-05-20 19:24:37 +0000"
    },
    "done": true
  },
  "minecraft:recipes/decorations/crafting_table": {
    "criteria": {
      "unlock_right_away": "2024-05-20 19:22:48 +0000"
    },
    "done": true
  },
  "minecraft:recipes/building_blocks/acacia_wood": {
    "criteria": {
      "has_log": "2024-05-20 19:24:37 +0000"
    },
    "done": true
  },
  "minecraft:adventure/adventuring_time": {
    "criteria": {
      "minecraft:savanna_plateau": "2024-05-20 19:25:22 +0000",
      "minecraft:river": "2024-05-20 19:23:35 +0000",
      "minecraft:savanna": "2024-05-20 19:22:48 +0000"
    },
    "done": false
  },
  "minecraft:recipes/building_blocks/acacia_planks": {
    "criteria": {
      "has_log": "2024-05-20 19:24:37 +0000"
    },
    "done": true
  },
  "DataVersion": 3839
}